相変わらず,あいかわらず,as usual,読L22-II
,あいさつ,greetings,読L23-II
愛す,あいす,to love,読L14-II
,アイスクリーム,ice cream,会L3
間,あいだ,between,会L4
相手,あいて,partner; the other person,会L22
,アイロンをかける,to iron (clothes) ,会L16
会う,あう,to meet; to see (a person),会L4
,アウトドア,outdoor activities,読L11-II
青い,あおい,blue,"会L9, 会L9(e)"
青信号,あおしんごう,green light,会L9(e)
赤い,あかい,red,"会L9, 会L9(e)"
赤ちゃん,あかちゃん,baby,会L17
明るい,あかるい,bright,会L18
明るい,あかるい,cheerful,読L11-II
秋,あき,fall,会L10
,あきらめる,to give up ,会L14
開く,あく,(something) opens,会L18
開ける,あける,to open (something) ,会L6
,あげる,to give (to others) ,会L14
朝,あさ,morning,会L3
朝ご飯,あさごはん,breakfast,会L3
,あさって,the day after tomorrow,"会L4(e), 会L8"
朝寝坊する,あさねぼうする,to oversleep ,会L16
足,あし,leg; foot,"会L7(e), 会L12"
アジア研究,アジアけんきゅう,Asian studies,会L1
明日,あした,tomorrow,"会L3, 会L4(e)"
預け入れ,あずけいれ,deposit,会L13(e)
,あそこ,over there,会L2
遊ぶ,あそぶ,to play; to spend time pleasantly,会L6
暖かい,あたたかい,warm,会L10
頭,あたま,head,会L7(e)
頭がいい,あたまがいい,bright; smart; clever,会L7
新しい,あたらしい,new,会L5
,あちら,that way (polite),会L20
熱い,あつい,hot (thing),会L5
暑い,あつい,hot (weather),会L5
集める,あつめる,to collect ,会L16
後,あと,the rest,会L18
後,（〜の）あと,after (an event),"読L8-II, 会L11"
後で,あとで,later on,会L6
,アドバイス,advice,読L14-II
,アナウンス,announcement,読L13-III
,あなた,you,会L4
兄,あに,(my) older brother,会L7
,アニメ,animation,会L20
姉,あね,(my) older sister,会L7
,あの,that . . . (over there),会L2
,あのう,um . . .,会L1
,アパート,apartment; smaller apartment building,会L13
危ない,あぶない,dangerous,会L17
,アプリ,application,会L13
,アボカド,avocado,会L8(e)
甘い,あまい,sweet,会L12
天の川,あまのがわ,the Milky Way,読L12-II
,あまり ＋ negative,not much,会L3
編む,あむ,to knit,会L13
雨,あめ,rain,会L8
雨がやむ,あめがやむ,the rain stops,会L23
,アメリカ,U.S.A.,会L1
謝る,あやまる,to apologize,会L18
洗う,あらう,to wash,会L8
表す,あらわす,to express; to show,読L23-II
,ありがとう,Thank you.,会G
,ありがとうございます,Thank you. (polite),会G
,ある,there is . . .,会L4
,ある～,one . . .,読L12-II
歩いて,あるいて,on foot,会L10
歩く,あるく,to walk,会L12
,アルバイト,part-time job,会L4
,あれ,that one (over there),会L2
,アレルギー,allergy,"会L8(e), 会L12"
,アンケート,questionnaire,読L8-II
暗証番号,あんしょうばんごう,personal identification number,会L13(e)
安全,あんぜん（な）,safe,会L21
案内する,あんないする,to show (someone) around,"読L9-II, 会L16"
,あんなに,so; such,読L20-II
,いい,good,会L3
,いいえ,No.; Not at all.,会G
いい子,いいこ,good child,会L9
,いいこと,good deed,読L10-II
言う,いう,to say,会L8
言う（文句を）,いう（もんくを）,to complain,会L21
言う（悪口を）,いう（わるぐちを）,to talk behind someone’s back,会L23
家,いえ,home; house,会L3
～以外,～いがい,other than . . .,会L16
,いかが,how (polite expression of どう),読L19-II
～行き,～いき,bound for . . .,会L10(e)
,イギリス,Britain,"会L1, 会L2"
行く,いく,to go,会L3
,いくら,how much,会L2
,いじめる,to bully ,会L21
医者,いしゃ,doctor,"会L1, 会L10"
～以上,～いじょう,. . . or more,読L18-II
意地悪,いじわる（な）,mean-spirited,会L9
,いす,chair,"会L2(e), 会L4"
忙しい,いそがしい,busy (people/days),会L5
急ぐ,いそぐ,to hurry,会L6
痛い,いたい,hurt; painful,会L12
致す,いたす,extra-modest expression for する,会L20
,いただきます,Thank you for the meal. (before eating),会G
頂く,いただく,extra-modest expression for たべる and のむ,会L20
頂く,いただく,humble expression for もらう,会L20
痛み止め,いたみどめ,painkiller,会L12(e)
,イタリア,Italy,読L6-III
一月,いちがつ,January,会L4(e)
,いちご,strawberry,会L8(e)
一号車,いちごうしゃ,Car No. 1,会L10(e)
一時,いちじ,one o’clock,"会L1, 会L1(e)"
一時間,いちじかん,one hour,会L4
一日,いちにち,one day,会L13
一日中,いちにちじゅう,all day long,会L15
一日目,いちにちめ,first day,会L15
一年中,いちねんじゅう,all year,読L15-II
一年生,いちねんせい,first-year student,会L1
一年に一度,いちねんにいちど,once a year,読L12-II
一番,いちばん,best,会L10
,いつ,when,会L3
五日,いつか,five days,会L13
五日,いつか,the fifth day of a month,会L4(e)
一階,いっかい,first floor,会L20
一生懸命,いっしょうけんめい,very hard,読L21-II
一生に一度,いっしょうにいちど,once in a lifetime,読L13-II
一緒に,いっしょに,together,会L5
五つ,いつつ,five,会L9
,いってきます,I’ll go and come back.,会G
,いってらっしゃい,Please go and come back.,会G
一泊二食付き,いっぱくにしょくつき,one night with two meals,会L15(e)
一分,いっぷん,one minute,会L1(e)
一方,いっぽう,on the other hand,読L23-II
,いつも,always,"読L6-III, 会L8"
,いなか,countryside,読L20-II
,いなくなる,(someone) is gone; to disappear,会L23
犬,いぬ,dog,会L4
今,いま,now,会L1
今すぐ,いますぐ,right away,会L18
意味,いみ,meaning,"会L11(e), 会L12"
妹,いもうと,younger sister,"会L1, 会L7"
,いらっしゃいませ,Welcome (to our store).,会L2
,いらっしゃる,"honorific expression for いく, くる, and いる",会L19
入口,いりぐち,entrance,会L10(e)
,いる,(a person) is in . . . ; stays at . . . ,会L4
,いる,to need,会L8
,いれる,"to make tea, coffee, etc. ",会L17
入れる,いれる,to put (something) in ,会L16
色,いろ,color,会L9
,いろいろ（な）,various; different kinds of,"読L9-II, 会L13"
,インターネット,internet,会L15
,インド,India,会L1
,インフルエンザ,influenza,会L12
,ううん,uh-uh; no,会L8
上,うえ,on,会L4
伺う,うかがう,to humbly visit; to humbly ask,会L20
受付,うけつけ,reception desk,会L22
受ける,うける,to take (an examination) ,"読L19-III, 会L22"
牛,うし,cow,読L12-II
後ろ,うしろ,back,会L4
,うそをつく,to tell a lie,会L11
歌,うた,song,会L7
歌う,うたう,to sing,会L7
,うち,home; house; my place,会L3
宇宙人,うちゅうじん,space alien,会L20
宇宙飛行士,うちゅうひこうし,astronaut,会L11
写す,うつす,to copy,読L16-II
,うまく,well; successfully; skillfully,読L22-II
,うまくいく,to go well,読L22-II
生まれる,うまれる,to be born ,"読L15-II, 会L17"
海,うみ,sea,会L5
占い,うらない,fortune-telling,読L21-II
,うらやましい,envious,会L17
,うらやましがる,(somebody is) envious,読L22-II
売る,うる,to sell,"読L10-II, 会L15"
,うるさい,noisy; annoying,会L22
,うれしい,glad,会L13
売れる,うれる,to be sold ,読L20-II
,うん,uh-huh; yes,会L8
運転する,うんてんする,to drive ,会L8
運動する,うんどうする,to exercise ,会L9
絵,え,painting; picture; drawing,会L15
,エアコン,air conditioner,会L6
映画,えいが,movie,会L3
英会話,えいかいわ,English conversation,会L22
映画館,えいがかん,movie theater,会L15
影響を受ける,えいきょうをうける,to be affected ,読L17-II
英語,えいご,English language,会L2
,ええ,yes,会L3
,ええと,well . . . ; let me see . . .,会L16
駅,えき,station,"読L6-I, 会L10"
駅員（さん）,えきいん（さん）,station attendant,会L16
,えさ,feed,読L20-II
,エジプト,Egypt,会L1
SNS,エスエヌエス,social media,読L23-II
江戸,えど,former name of Tokyo,読L20-II
江戸時代,えどじだい,Edo period (1603－1868),読L20-II
絵文字,えもじ,emoji,読L23-II
選ぶ,えらぶ,to choose; to select,会L17
Ｌサイズ,エルサイズ,size L,会L5
～円,～えん,. . . yen,会L2
鉛筆,えんぴつ,pencil,会L14
遠慮する,えんりょする,to hold back for the time being; to refrain from ,会L19
お預け入れ,おあずけいれ,deposit,会L13(e)
,おいしい,delicious,会L2
お祈りする,おいのりする,to pray ,会L17
往復,おうふく,round trip,会L10(e)
多い,おおい,there are many . . .,会L12
大きい,おおきい,large,会L5
大きさ,おおきさ,size,会L16
多くの～,おおくの～,many . . .,"読L21-II, 会L22"
,オーストラリア,Australia,"会L1, 会L11"
大家さん,おおやさん,landlord; landlady,会L14
お母さん,おかあさん,mother,"会L1, 会L2"
お返し,おかえし,return (as a token of gratitude),会L14
,おかえり（なさい）,Welcome home.,会G
,おかげで,thanks to . . .,会L18
お菓子,おかし,snack; sweets,会L11
お金,おかね,money,会L6
お金持ち,おかねもち,rich person,会L10
お客さん,おきゃくさん,guest; visitor; client; customer,会L17
起きる,おきる,to get up ,会L3
置く,おく,to put; to lay; to place,会L21
奥様,おくさま,(your/someone’s) wife (polite),会L19
奥さん,おくさん,(your/someone’s) wife,会L14
送る,おくる,to send,会L14
送る,おくる,to walk/drive (someone),会L19
遅れる,おくれる,to become late ,"読L13-III, 会L19"
お子さん,おこさん,(your/someone’s) child (polite),会L19
起こす,おこす,to wake (someone) up,会L16
起こる,おこる,to occur; to happen,読L21-II
怒る,おこる,to get angry,読L12-II
,おごる,to treat (someone) to a meal,会L16
お先に失礼します,おさきにしつれいします,"See you. (lit., I’m leaving ahead of you.)",会L18
お酒,おさけ,sake; alcoholic drink,会L3
お皿,おさら,plate; dish,会L14
,おじいさん,grandfather; old man,会L7
教える,おしえる,to teach; to instruct ,会L6
,おじさん,uncle; middle-aged man,会L14
,おじぞうさん,guardian deity of children,読L10-II
,おしゃれ（な）,fashionable; stylish,会L14
お正月,おしょうがつ,New Year’s,"読L10-II, 会L11"
お嬢さん,おじょうさん,(someone’s) daughter (polite),会L22
お尻,おしり,buttocks,会L7(e)
お城,おしろ,castle,読L5-II
押す,おす,to press; to push,会L18
お世話になる,おせわになる,to be in someone’s care,"読L19-II, 会L23"
遅い,おそい,slow; late,会L10
遅く,おそく,(do something) late,"読L4-III, 会L8"
遅くなる,おそくなる,to be late,会L8
お大事に,おだいじに,Get well soon.,会L12
お宅,おたく,(someone’s) home/house,会L20
落ち込む,おちこむ,to get depressed,会L16
お茶,おちゃ,green tea,会L3
落ちる,おちる,(something) drops ,会L18
お疲れ様（でした）,おつかれさま（でした）,You must be tired after working so hard. (greeting between friends and coworkers),会L18
,おっしゃる,honorific expression for いう,会L19
お手洗い,おてあらい,restroom,会L12
お寺,おてら,temple,会L4
音,おと,sound,会L20
お父さん,おとうさん,father,"会L1, 会L2"
弟,おとうと,younger brother,"会L1, 会L7"
男の人,おとこのひと,man,"読L5-II, 会L7"
落とされる,おとされる,to be dropped,読L15-II
落とす,おとす,to drop (something),会L18
,おととい,the day before yesterday,"会L4(e), 会L19"
,おととし,the year before last,会L4(e)
大人,おとな,adult,"読L12-II, 会L13"
踊る,おどる,to dance,会L9
,おなか,stomach,"会L7(e), 会L12"
,おなかがすく,to become hungry,会L11
,おなかをこわす,to have a stomachache,会L23
同じ,おなじ,same,会L12
お兄さん,おにいさん,older brother,"会L1, 会L7"
,おにぎり,rice ball,会L20
お姉さん,おねえさん,older sister,"会L1, 会L7"
,おねがいします（～を）,". . . , please.",会L2
お願いする,おねがいする,to request help ,会L22
,おばあさん,grandmother; old woman,会L7
,おばさん,aunt; middle-aged woman,会L14
,おはよう,Good morning.,会G
,おはようございます,Good morning. (polite),会G
お引き出し,おひきだし,withdrawal,会L13(e)
お振込,おふりこみ,bank transfer,会L13(e)
お風呂,おふろ,bath,会L8
お風呂に入る,おふろにはいる,to take a bath,会L8
お返事,おへんじ,reply,読L11-II
お弁当,おべんとう,boxed lunch,会L9
覚える,おぼえる,to memorize ,会L9
お祭り,おまつり,festival,会L11
お守り,おまもり,charm (against evils); amulet,読L21-II
,おまんじゅう,sweet bun,読L4-III
お土産,おみやげ,souvenir,会L5
,おめでとうございます,Congratulations!,会L17
重い,おもい,heavy; serious (illness),会L20
思い出す,おもいだす,to recall,読L19-II
思い出,おもいで,memory,会L23
思う,おもう,to think,会L8
面白い,おもしろい,interesting; funny,会L5
,おもち,rice cake,読L10-II
,おもちゃ,toy,会L11
主に,おもに,mainly,読L17-II
親,おや,parent,会L16
,おやすみ（なさい）,Good night.,会G
お休みになる,おやすみになる,honorific expression for ねる,会L19
お湯,おゆ,hot water,会L17
お湯が沸く,おゆがわく,water boils,会L18
お湯を沸かす,おゆをわかす,to boil water,会L17
泳ぐ,およぐ,to swim,会L5
降りる,おりる,to get off ,会L6
,おる,extra-modest expression for いる,会L20
お礼,おれい,expression of gratitude,会L19
,オレンジ,orange,会L9(e)
下ろす,おろす,to withdraw (money),会L15
終わる,おわる,(something) ends,会L9
音楽,おんがく,music,会L3
温泉,おんせん,spa; hot spring,会L11
女の人,おんなのひと,woman,"読L5-II, 会L7"
蚊,か,mosquito,会L21
,～か～,or,会L10
,～が,". . . , but","読L5-II, 会L7"
,カーテン,curtain,"会L2(e), 会L18"
～回,～かい,. . . times,会L13
～階,～かい,. . . th floor,会L20
海外旅行,かいがいりょこう,trip to a foreign country,会L23
会議,かいぎ,business meeting; conference,会L21
外国,がいこく,foreign country,会L11
外国語,がいこくご,foreign language,会L13
外国人,がいこくじん,foreigner,会L15
改札,かいさつ,gate,会L10(e)
会社,かいしゃ,company,会L7
会社員,かいしゃいん,office worker,"会L1, 会L8"
階段,かいだん,stairs,"会L10(e), 会L23"
買い物,かいもの,shopping,会L4
買う,かう,to buy,会L4
飼う,かう,to own (a pet),会L11
返す,かえす,to return (a thing),会L6
帰る,かえる,to go back; to return,会L3
顔,かお,face,"会L7(e), 会L10"
顔が青い,かおがあおい,to look pale,会L9(e)
顔文字,かおもじ,emoticon,読L23-II
～顔をする,～かおをする,to look . . . (facial expression) ,会L23
係の者,かかりのもの,our person in charge,会L20
,かかる,to take (amount of time/money),会L10
鍵,かぎ,lock; key,会L17
鍵をかける,かぎをかける,to lock ,会L17
書く,かく,to write,会L4
描く,かく,to draw; to paint,会L15
家具,かぐ,furniture,会L15
学生,がくせい,student,会L1
学割,がくわり,student discount,会L10(e)
～か月,～かげつ,for . . . months,会L10
,かける,to sit down ,会L19
,かける（アイロンを）,to iron (clothes) ,会L16
かける（鍵を）,かける（かぎを）,to lock ,会L17
,かける（パーマを）,to have one’s hair permed ,会L17(e)
かける（眼鏡を）,かける（めがねを）,to put on (glasses) ,会L7
,かさ,bamboo hat,読L10-II
傘,かさ,umbrella,会L2
菓子,かし,snack; sweets,会L11
火事,かじ,fire,会L17
家事,かじ,housework,会L22
,かしこまりました,Certainly.,会L20
歌手,かしゅ,singer,会L11
貸す,かす,to lend,会L16
風,かぜ,wind,会L22
風邪,かぜ,cold,会L12
風が吹く,かぜがふく,the wind blows,会L22
風邪をひく,かぜをひく,to catch a cold,会L12
数える,かぞえる,to count ,読L17-II
家族,かぞく,family,会L7
,ガソリン,gasoline,会L21
肩,かた,shoulder,会L7(e)
かたい言い方,かたいいいかた,bookish expression,会L11(e)
片付ける,かたづける,to tidy up ,会L18
片道,かたみち,one way,会L10(e)
勝つ,かつ,to win,会L22
,がっかりする,to be disappointed ,"読L20-II, 会L23"
楽器,がっき,musical instrument,会L13
,かっこ,parenthesis,会L11(e)
,かっこいい,good-looking,会L5
学校,がっこう,school,会L3
,カット,cut,会L17(e)
活動,かつどう,activity,会L15
家庭教師,かていきょうし,tutor,読L18-III
角,かど,corner,"会L6(e), 会L20"
,～かな（あ）,I wonder . . . (casual),会L17
,かなう,to be realized,読L12-II
悲しい,かなしい,sad,"読L10-II, 会L13"
,カナダ,Canada,会L1
金,かね,money,会L6
金持ち,かねもち,rich person,会L10
彼女,かのじょ,she; girlfriend,会L12
,かばん,bag,会L2
,カフェ,cafe,会L3
歌舞伎,かぶき,Kabuki; traditional Japanese theatrical art,会L9
,かぶせる,to put (a hat) on a person’s head ,読L10-II
,かぶる,to put on (a hat),会L7
花粉症,かふんしょう,hay fever,会L12(e)
我慢する,がまんする,to be tolerant/patient ,会L23
髪,かみ,hair,"会L7, 会L7(e)"
紙,かみ,paper,会L17
髪形,かみがた,hairstyle,会L17(e)
神様,かみさま,God,"読L12-II, 会L22"
髪をとかす,かみをとかす,to comb one’s hair,会L17
,かめ,turtle,読L13-II
,カメラ,camera,会L8
通う,かよう,to commute to,読L21-II
火曜日,かようび,Tuesday,"会L4, 会L4(e)"
,～から,from . . .,"読L7-II, 会L9"
,カラー,hair coloring,会L17(e)
辛い,からい,hot and spicy; salty,会L13
,カラオケ,karaoke,会L8
体,からだ,body,会L13
体に気をつける,からだにきをつける,to take care of oneself ,読L7-II
空手,からて,karate,会L13
借りる,かりる,to borrow ,会L6
刈る,かる,to crop,会L17(e)
軽い,かるい,light,会L20
彼,かれ,he; boyfriend,会L12
,カレー,curry,会L13
彼氏,かれし,boyfriend,会L12
川,かわ,river,会L11
,かわいい,cute,会L7
,かわいそう（な）,pitiful; feel sorry for; poor thing,"読L12-II, 会L23"
代わりに,かわりに,instead,読L22-II
眼科,がんか,ophthalmologist,会L12(e)
考える,かんがえる,to think (about); to consider ,会L18
環境,かんきょう,environment,会L21
観光する,かんこうする,to do sightseeing ,会L15
韓国,かんこく,Korea,"会L1, 会L2"
看護師,かんごし,nurse,"会L1, 会L11"
漢字,かんじ,kanji; Chinese character,会L6
感情,かんじょう,feeling; emotion,読L23-II
完成する,かんせいする,to be completed ,読L17-II
簡単,かんたん（な）,easy; simple,会L10
感動する,かんどうする,to be moved/touched (by . . . ) ,会L13
,カンニングする,to cheat in an exam ,会L23
乾杯,かんぱい,Cheers! (a toast),会L8
頑張る,がんばる,to do one’s best; to try hard,会L13
木,き,tree,会L22
黄色い,きいろい,yellow,会L9(e)
消える,きえる,(something) goes off ,会L18
気温,きおん,temperature (weather),会L8
着替える,きがえる,to change clothes ,会L21
気が付く,きがつく,to notice,会L21
聞く,きく,to ask,会L5
聞く,きく,to listen; to hear,会L3
記号,きごう,symbol,読L23-II
聞こえる,きこえる,to be audible ,会L20
,キスをする,to kiss ,読L23-II
季節,きせつ,season,会L10
北,きた,north,会L6(e)
,ギター,guitar,会L9
汚い,きたない,dirty,会L16
喫煙,きつえん,smoking,会L15(e)
切符,きっぷ,train ticket,会L12
切符売り場,きっぷうりば,ticket vending area,会L10(e)
気に入る,きにいる,to find something agreeable,会L23
気にする,きにする,to worry ,読L21-II
昨日,きのう,yesterday,"会L4, 会L4(e)"
厳しい,きびしい,strict,会L13
気分が悪い,きぶんがわるい,not to feel well; to feel sick,"会L12(e), 会L13"
期末試験,きまつしけん,final examination,会L16
決まる,きまる,to be decided,会L19
決める,きめる,to decide ,会L10
着物,きもの,kimono; Japanese traditional dress,"読L9-II, 会L13"
,キャッシュカード,bank card,会L13(e)
,キャベツ,cabbage,会L8(e)
,キャンプ,camp,会L11
休講,きゅうこう,class cancellation,会L23
急行,きゅうこう,express,会L10(e)
急に,きゅうに,suddenly,会L14
牛肉,ぎゅうにく,beef,会L8(e)
牛乳,ぎゅうにゅう,milk,会L10
九分,きゅうふん,nine minutes,会L1(e)
,きゅうり,cucumber,会L8(e)
給料,きゅうりょう,salary,会L17
今日,きょう,today,"会L3, 会L4(e)"
教科書,きょうかしょ,textbook,会L6
教師,きょうし,schoolteacher,会L11
教室,きょうしつ,classroom,会L15
今日中に,きょうじゅうに,by the end of today,会L16
兄弟,きょうだい,brothers and sisters,会L7
共通語,きょうつうご,common language,会L11(e)
興味がある,きょうみがある,to be interested (in),会L12
～行目,～ぎょうめ,line number . . .,会L11(e)
去年,きょねん,last year,"会L4(e), 会L9"
嫌い,きらい（な）,disgusted with; to dislike,会L5
切る,きる,to cut,"会L8, 会L17(e)"
着る,きる,to put on (clothes above your waist) ,会L7
,きれい（な）,beautiful; clean,会L5
,～キロ,. . . kilometers; . . . kilograms,会L13
気をつける,きをつける,to be cautious/careful ,会L15
金色,きんいろ,gold,会L9(e)
銀色,ぎんいろ,silver,会L9(e)
禁煙,きんえん,non-smoking,会L15(e)
金額,きんがく,amount,会L13(e)
銀行,ぎんこう,bank,会L2
近所,きんじょ,neighborhood,読L11-II
緊張する,きんちょうする,to get nervous ,会L12
金曜日,きんようび,Friday,"会L4, 会L4(e)"
空港,くうこう,airport,会L13
九月,くがつ,September,会L4(e)
九時,くじ,nine o’clock,会L1(e)
,くしゃみ,sneeze,会L12(e)
,くじら,whale,読L15-II
薬,くすり,medicine,会L9
薬を飲む,くすりをのむ,to take medicine,会L9
くだけた言い方,くだけたいいかた,colloquial expression,会L11(e)
,ください（～を）,Please give me . . .,会L2
下さる,くださる,honorific expression for くれる,会L19
果物,くだもの,fruit,会L5
口,くち,mouth,"会L7, 会L7(e)"
靴,くつ,shoes,会L2
靴下,くつした,socks,会L23
国,くに,country; place of origin,会L6
首,くび,neck,会L7(e)
雲,くも,cloud,読L17-II
曇り,くもり,cloudy weather,会L8
暗い,くらい,dark,会L18
,～ぐらい,about (approximate measurement),会L4
,クラス,class,会L4
比べる,くらべる,to compare ,会L21
,グリーン,green,会L9(e)
,クリスマス,Christmas,会L14
来る,くる,to come ,会L3
車,くるま,car,会L7
,グレー,gray,会L9(e)
,クレジットカード,credit card,会L13(e)
,くれる,to give (me) ,会L14
黒い,くろい,black,"会L9, 会L9(e)"
～君,～くん,Mr./Ms. . . . (casual),会L14
計画を立てる,けいかくをたてる,to make a plan ,会L22
経験,けいけん,experience,"読L13-II, 会L15"
敬語,けいご,honorific language,会L19
経済,けいざい,economics,"会L1, 会L2"
警察,けいさつ,police; police station,会L21
警察官,けいさつかん,police officer,会L11
芸術,げいじゅつ,art,読L17-II
携帯（電話）,けいたい（でんわ）,cell phone,会L18
,ケーキ,cake,会L10
,ゲーム,game,会L4
,けが,injury,会L12(e)
外科,げか,surgeon,会L12(e)
今朝,けさ,this morning,会L8
景色,けしき,scenery,読L15-II
消しゴム,けしゴム,eraser,会L2(e)
化粧する,けしょうする,to put makeup on ,会L17
化粧品,けしょうひん,cosmetics,会L14
消す,けす,to turn off; to erase,会L6
,けち（な）,stingy; cheap,会L14
結果,けっか,result,会L23
結構です,けっこうです,That would be fine.; That wouldn’t be necessary.,会L6
結婚式,けっこんしき,wedding,会L15
結婚する,けっこんする,to get married ,会L7
月曜日,げつようび,Monday,"会L4, 会L4(e)"
,～けど,". . . , but; . . . , so",会L15
下痢,げり,diarrhea,会L12(e)
,ける,to kick,会L21
,けんかする,to have a fight; to quarrel ,会L11
元気,げんき（な）,healthy; energetic,会L5
元気がない,げんきがない,don’t look well,会L12
元気でね,げんきでね,Take care of yourself.,会L23
研究,けんきゅう,research,会L16
研究者,けんきゅうしゃ,researcher,会L11
現金,げんきん,cash,会L13(e)
健康,けんこう,health,会L23
原爆,げんばく,atomic bomb,読L15-II
～個,～こ,[generic counter for smaller items],"会L14, 会L14(e)"
～後,～ご,in . . . time; after . . .,会L10
～語,～ご,. . . language,会L1
公園,こうえん,park,会L4
交換する,こうかんする,to exchange ,会L20
高校,こうこう,high school,会L1
高校生,こうこうせい,high school student,会L1
広告,こうこく,advertisement,会L13
口座,こうざ,account,会L13(e)
工場,こうじょう,factory,会L21
抗生物質,こうせいぶっしつ,antibiotic,会L12(e)
紅茶,こうちゃ,black tea,会L13
交通系ICカード,こうつうけいアイシーカード,"rechargeable card such as Suica, Icoca, Pasmo, etc.",会L10(e)
後輩,こうはい,junior member of a group,会L22
紅葉,こうよう,autumn leaves/colors,読L15-II
声,こえ,voice,読L10-II
,コーヒー,coffee,会L3
,ゴールド,gold,会L9(e)
五月,ごがつ,May,会L4(e)
国際,こくさい,international,読L19-III
国際関係,こくさいかんけい,international relations,会L1
黒板,こくばん,blackboard,会L2(e)
,ここ,here,会L2
午後,ごご,p.m.,会L1
九日,ここのか,nine days,会L13
九日,ここのか,the ninth day of a month,会L4(e)
九つ,ここのつ,nine,会L9
心,こころ,mind; heart,読L20-II
,ござる,extra-modest expression for ある,会L20
五時,ごじ,five o’clock,会L1(e)
ご主人,ごしゅじん,(your/someone’s) husband,会L14
午前,ごぜん,a.m.,会L1
午前中,ごぜんちゅう,in the morning,"読L9-II, 会L21"
答／答え,こたえ,answer,"会L11(e), 読L23-II"
答える,こたえる,to answer ,"読L8-II, 会L23"
,ごちそう,excellent food,読L9-II
,ごちそうさま（でした）,Thank you for the meal. (after eating),会G
,ごちそうする,to treat/invite (someone) to a meal ,会L19
,こちら,this person (polite),会L11
,こちら,this way (polite),会L19
骨折する,こっせつする,to break (a bone),会L12(e)
,こと,things; matters,"読L11-II, 会L21"
今年,ことし,this year,"会L4(e), 会L10"
言葉,ことば,language,会L13
子供,こども,child,会L4
,ことわざ,proverb,読L23-II
,この,this . . .,会L2
この間,このあいだ,the other day,"読L8-II, 会L16"
,このぐらい,about this much,会L16
,このごろ,these days,会L10
,このように,like this; this way,読L23-II
ご飯,ごはん,rice; meal,会L4
コピーを取る,コピーをとる,to make a photocopy,会L22
五分,ごふん,five minutes,会L1(e)
困る,こまる,to have difficulty,会L16
,ごみ,garbage,会L16
混む,こむ,to get crowded,"読L15-II, 会L17"
,ごめん,I’m sorry. (casual),会L16
,ごめんなさい,I’m sorry.,会L4
ご覧になる,ごらんになる,honorific expression for みる,会L19
,ゴルフ,golf,会L13
,これ,this one,会L2
,これから,from now on,"読L11-II, 会L16"
,～ころ,time of . . . ; when . . .,会L21
,～ごろ,at about . . .,会L3
,ごろごろする,to chill out at home; to stay home do nothing ,会L10
転ぶ,ころぶ,to fall down,会L18
怖い,こわい,frightening,会L5
壊す,こわす,to break (something),会L18
壊れる,こわれる,(something) breaks ,会L18
紺色,こんいろ,navy,会L9(e)
今学期,こんがっき,this semester,会L11
今月,こんげつ,this month,"会L4(e), 会L8"
,コンサート,concert,会L9
今週,こんしゅう,this week,"会L4(e), 会L6"
,コンタクト（レンズ）,contact lenses,会L17
混んでいる,こんでいる,to be crowded,読L15-II
今度,こんど,near future,会L9
,こんな～,. . . like this; this kind of . . .,会L14
,こんなふう,like this,会L22
,こんにちは,Good afternoon.,会G
今晩,こんばん,tonight,会L3
,こんばんは,Good evening.,会G
,コンビニ,convenience store,会L2
,コンピューター,computer,"会L1, 会L2"
,さあ,I am not sure . . .,会L14
,サークル,club activity,会L7
,サーフィン,surfing,会L5
～歳,～さい,. . . years old,会L1
最悪,さいあく（な）,the worst,会L17
最近,さいきん,recently,会L15
最後に,さいごに,finally; lastly,"読L8-II, 会L23"
財布,さいふ,wallet,会L2
探す,さがす,to look for,会L15
魚,さかな,fish,会L2
咲く,さく,to bloom,会L18
作品,さくひん,"work (of art, etc.)",読L17-II
作文,さくぶん,essay; composition,会L9
桜,さくら,cherry blossom,会L18
酒,さけ,sake; alcohol,会L3
差し上げる,さしあげる,humble expression for あげる ,会L20
刺す,さす,to bite,会L21
誘う,さそう,to invite,会L15
座談会,ざだんかい,round-table discussion,読L13-III
～冊,～さつ,[counter for bound volumes],"会L14, 会L14(e)"
作家,さっか,writer,会L11
,サッカー,soccer,会L10
雑誌,ざっし,magazine,会L3
砂糖,さとう,sugar,会L16
寂しい,さびしい,lonely,会L9
,サボる,to cut (classes),会L11
～様,～さま,Mr./Ms. . . .,読L5-II
寒い,さむい,cold (weather),会L5
,さようなら,Good-bye.,会G
皿,さら,plate; dish,会L14
再来月,さらいげつ,the month after next,会L4(e)
再来週,さらいしゅう,the week after next,会L4(e)
再来年,さらいねん,the year after next,会L4(e)
,サラリーマン,salaryman; office worker,会L17
猿,さる,monkey,会L22
触る,さわる,to touch,会L21
,～さん,Mr./Ms. . . .,会L1
参加する,さんかする,to participate ,会L15
三月,さんがつ,March,会L4(e)
残業,ざんぎょう,overtime work,"読L8-II, 会L17"
三時,さんじ,three o’clock,会L1(e)
三十分,さんじっぷん/さんじゅっぷん,thirty minutes,会L1(e)
賛成する,さんせいする,to agree ,会L22
残高照会,ざんだかしょうかい,balance inquiry,会L13(e)
残念（ですね）,ざんねん（ですね）,That’s too bad.,会L8
産婦人科,さんふじんか,obstetrician and gynecologist,会L12(e)
三分,さんぷん,three minutes,会L1(e)
散歩する,さんぽする,to take a walk ,会L9
詩,し,poem,読L17-II
字,じ,letter; character,会L20
～時,～じ,o’clock,会L1
試合,しあい,match; game,会L12
幸せ,しあわせ（な）,happy (lasting happiness),"読L10-II, 会L13"
,ジーンズ,jeans,会L2
,シェフ,chef,"読L6-III, 会L11"
鹿,しか,deer,読L15-II
歯科,しか,dentist,会L12(e)
,しかし,however,読L17-II
,しかたがない,cannot be helped,読L22-II
四月,しがつ,April,会L4(e)
時間,じかん,time,会L10
～時間,～じかん,. . . hours,会L4
時間通り,じかんどおり,on time,読L13-III
試験,しけん,exam,会L9
仕事,しごと,job; work; occupation,会L8
辞書,じしょ,dictionary,"会L2(e), 会L15"
地震,じしん,earthquake,会L15
静か,しずか（な）,quiet,会L5
自然,しぜん,nature,読L15-II
,じぞう,guardian deity of children,読L10-II
下,した,under,会L4
時代,じだい,age; era,読L14-II
親しい,したしい,close; intimate,読L18-III
七月,しちがつ,July,会L4(e)
七時,しちじ,seven o’clock,会L1(e)
知っています,しっています,I know,会L7
実は,じつは,actually; in fact,会L16
失敗する,しっぱいする,to fail; to be unsuccessful ,会L22
十分,じっぷん,ten minutes,会L1(e)
質問,しつもん,question,"会L11(e), 読L19-III"
失礼しました,しつれいしました,I’m very sorry.,会L20
失礼します,しつれいします,Excuse me.; Sorry to interrupt you.,会L16
指定席,していせき,reserved seat,会L10(e)
支店,してん,branch office,会L20
自転車,じてんしゃ,bicycle,会L2
自動,じどう,automatic,読L13-III
死ぬ,しぬ,to die,会L6
次発,じはつ,departing second,会L10(e)
耳鼻科,じびか,otorhinolaryngologist; ENT doctor,会L12(e)
自分,じぶん,oneself,"読L10-II, 会L17"
自分で,じぶんで,(do something) by oneself,会L16
島,しま,island,読L15-II
閉まる,しまる,(something) closes,会L18
締め切り,しめきり,deadline,"会L11(e), 会L15"
閉める,しめる,to close (something) ,会L6
,じゃあ,"then . . . ; if that is the case, . . .",会L2
,ジャーナリスト,journalist,会L11
社会,しゃかい,society,会L23
,じゃがいも,potato,会L8(e)
,ジャケット,jacket,会L15
写真,しゃしん,picture; photograph,会L4
社長,しゃちょう,president of a company,会L11
,シャツ,shirt,会L14
,しゃべる,to chat,会L15
,シャワー,shower,会L6
シャワーを浴びる,シャワーをあびる,to take a shower ,会L6
,シャンプー,shampoo,"会L17(e), 会L18"
自由,じゆう,freedom,会L22
十一月,じゅういちがつ,November,会L4(e)
十一時,じゅういちじ,eleven o’clock,会L1(e)
十一日,じゅういちにち,the eleventh day of a month,会L4(e)
十一分,じゅういっぷん,eleven minutes,会L1(e)
十月,じゅうがつ,October,会L4(e)
習慣,しゅうかん,custom,会L15
～週間,～しゅうかん,for . . . weeks,会L10
十九分,じゅうきゅうふん,nineteen minutes,会L1(e)
十五分,じゅうごふん,fifteen minutes,会L1(e)
十三分,じゅうさんぷん,thirteen minutes,会L1(e)
十時,じゅうじ,ten o’clock,会L1(e)
就職する,しゅうしょくする,to get a full-time job (at . . . ) ,会L17
,ジュース,juice,会L12
自由席,じゆうせき,general admission seat,会L10(e)
銃で撃たれる,じゅうでうたれる,to be shot,読L17-II
終電,しゅうでん,last train (of the day),"会L10(e), 会L21"
十七分,じゅうななふん,seventeen minutes,会L1(e)
自由に,じゆうに,freely,会L22
十二月,じゅうにがつ,December,会L4(e)
十二時,じゅうにじ,twelve o’clock,会L1(e)
十二分,じゅうにふん,twelve minutes,会L1(e)
収入,しゅうにゅう,income,読L18-II
十八分,じゅうはちふん/じゅうはっぷん,eighteen minutes,会L1(e)
週末,しゅうまつ,weekend,会L3
十四日,じゅうよっか,the fourteenth day of a month,会L4(e)
十四分,じゅうよんぷん,fourteen minutes,会L1(e)
十六分,じゅうろっぷん,sixteen minutes,会L1(e)
授業,じゅぎょう,class,会L11
授業中に,じゅぎょうちゅうに,in class; during the class,会L16
授業料,じゅぎょうりょう,tuition,会L21
塾,じゅく,cram school,"読L7-II, 会L22"
宿題,しゅくだい,homework,会L5
手術,しゅじゅつ,operation,会L12(e)
首相,しゅしょう,prime minister,会L17
主人,しゅじん,head of a familiy,読L15-II
出身,しゅっしん,coming from,会L11
出張,しゅっちょう,business trip,"読L14-II, 会L19"
十分,じゅっぷん,ten minutes,会L1(e)
主婦,しゅふ,housewife,会L1
主夫,しゅふ,house husband,読L17-II
趣味,しゅみ,hobby; pastime,会L20
種類,しゅるい,a kind; a sort,会L19
準備,じゅんび,preparation,会L17
紹介する,しょうかいする,to introduce ,会L11
奨学金,しょうがくきん,scholarship,会L16
小学生,しょうがくせい,elementary school students,読L16-II
正月,しょうがつ,New Year’s,"読L10-II, 会L11"
小学校,しょうがっこう,elementary school,会L23
,しょうぎ,Japanese chess,読L19-II
乗車券,じょうしゃけん,(boarding) ticket,会L10(e)
少々,しょうしょう,a few seconds,会L19
上手,じょうず（な）,skillful; good at . . .,会L8
小説,しょうせつ,novel,会L20
招待する,しょうたいする,to invite someone (to an event/a place) ,会L19
消防士,しょうぼうし,firefighter,会L11
しょう油,しょうゆ,soy sauce,会L18
将来,しょうらい,future,会L11
食後,しょくご,after meals,会L12(e)
食事,しょくじ,meal,読L21-II
食堂,しょくどう,cafeteria; dining commons,会L7
食費,しょくひ,cost of food,読L18-III
女子学生,じょしがくせい,female student,読L18-II
,ショッピングモール,shopping mall,会L17
書類,しょるい,document,会L22
調べる,しらべる,to look into (a matter) ,会L15
尻,しり,buttocks,会L7(e)
知り合う,しりあう,to get acquainted with,会L19
知りません,しりません,I do not know,会L7
知る,しる,to get to know,会L7
,シルバー,silver,会L9(e)
城,しろ,castle,読L5-II
白い,しろい,white,"会L9, 会L9(e)"
白黒,しろくろ,black and white,会L9(e)
～人,～じん,. . . people,会L1
新幹線,しんかんせん,Shinkansen;  “Bullet Train”,会L10
,シングル,single room,会L15(e)
信号,しんごう,traffic light,"会L6(e), 会L20"
神社,じんじゃ,shrine,会L11
信じる,しんじる,to believe ,会L21
親せき,しんせき,relatives,会L16
親切,しんせつ（な）,kind,会L7
心配,しんぱい（な）,worried about,"読L21-II, 会L22"
心配する,しんぱいする,to worry ,会L12
新聞,しんぶん,newspaper,会L2
親友,しんゆう,best friend,読L22-II
,すいか,watermelon,会L8(e)
推薦状,すいせんじょう,letter of recommendation,会L16
,スイッチ,switch,会L18
,ずいぶん,very,会L17
水曜日,すいようび,Wednesday,"会L4, 会L4(e)"
,スーパー,supermarket,会L4
,スープ,soup,会L18
,スカート,skirt,会L18
好き,すき（な）,fond of; to like,会L5
,スキー,ski,会L9
,すく,thin out (hair),会L17(e)
,すぐ,right away,会L6
少ない,すくない,a little; a few,会L17
スクランブル交差点,スクランブルこうさてん,scramble crossing,読L15-II
,すごい,incredible; awesome,会L13
,すごく,extremely,会L5
少し,すこし,a little,"読L7-II, 会L21"
,すし,sushi,会L10
涼しい,すずしい,cool (weather),会L10
,ずっと,for a long time; all the time,会L22
,すっぽん,snapping turtle; terrapin,読L13-II
素敵,すてき（な）,nice,会L12
捨てる,すてる,to throw away ,会L8
,ストレス,stress,読L8-II
,スニーカー,sneakers,会L20
,スピーチ,speech,会L21
,スプーン,spoon,会L17
,スペイン,Spain,会L8
,スポーツ,sports,会L3
スポーツ選手,スポーツせんしゅ,athlete,会L11
,スマホ,smartphone; mobile,会L2
,すみません,Excuse me.;  I’m sorry.,会G
住む,すむ,to live,会L7
,する,to cost ,読L20-II
,する,to decide on (an item) ,会L15
,する,to do ,会L3
,する,"to wear small items (necktie, watch, etc.) ",会L17
,すると,. . . Then . . .,読L16-II
座る,すわる,to sit down,会L6
性格,せいかく,personality,会L19
生活,せいかつ,life; living,会L10
生活する,せいかつする,to lead a life ,会L20
生活のゆとり,せいかつのゆとり,extra money to spare for the cost of living,読L18-II
生活費,せいかつひ,the cost of living,読L18-II
税金,ぜいきん,tax,会L15
整形外科,せいけいげか,orthopedic surgeon,会L12(e)
政治,せいじ,politics,"会L1, 会L12"
成績,せいせき,"grade (on a test, etc.)",会L12
,ぜいたくをする,to indulge in luxury ,読L21-II
政府,せいふ,government,会L21
生物学,せいぶつがく,biology,会L1
生理,せいり,period,会L12(e)
,セーター,sweater,会L13
世界,せかい,world,会L10
世界中,せかいじゅう,all over the world,読L23-II
背が高い,せがたかい,tall (stature),会L7
背が低い,せがひくい,short (stature),会L7
,せき,cough,会L12
せきが出る,せきがでる,to cough ,会L12
絶対に,ぜったいに,definitely; no matter what,"読L20-II, 会L22"
,セット,set,会L17(e)
説明する,せつめいする,to explain ,会L16
背中,せなか,back (body),会L7(e)
是非,ぜひ,by all means,会L9
狭い,せまい,narrow; not spacious,会L12
世話をする,せわをする,to take care of . . . ,会L23
1960年代,せんきゅうひゃくろくじゅうねんだい,1960’s,読L17-II
先月,せんげつ,last month,"会L4(e), 会L9"
専攻,せんこう,major,会L1
先週,せんしゅう,last week,"会L4, 会L4(e)"
扇子,せんす,(hand) fan,会L20
先生,せんせい,teacher; Professor . . .,会L1
全然,ぜんぜん ＋ negative,not at all,会L3
洗濯する,せんたくする,to do laundry ,会L8
先輩,せんぱい,senior member of a group,"読L14-II, 会L22"
先発,せんぱつ,departing first,会L10(e)
全部,ぜんぶ,all,会L13
,そう,(I think) so,会L9
象,ぞう,elephant,会L13
,そうか,I see. (casual),会L17
掃除する,そうじする,to clean ,会L8
,そうそう,You are right.,会L23
,そうだ！,I have an idea!,読L20-II
相談する,そうだんする,to consult ,会L14
,そうです,That’s right.,会L1
,そうですか,I see.; Is that so?,会L1
,そうですね,That’s right.; Let me see.,会L3
,そこ,there,会L2
,そして,and then,"読L9-II, 会L11"
育てる,そだてる,to raise; to bring up ,会L22
卒業式,そつぎょうしき,graduation ceremony,会L15
卒業する,そつぎょうする,to graduate (from . . . ) ,会L15
外,そと,outside,会L18
,その,that . . .,会L2
その後,そのご,after that,読L17-II
,そば,soba; Japanese buckwheat noodles,会L15
,ソファ,sofa,会L18
,そめる,to dye ,会L17(e)
空,そら,sky,読L16-II
,そる,to shave,会L17(e)
,それ,that one,会L2
,それから,and then,会L4
,それで,then; therefore,会L19
,それでは,well then,読L19-II
,それに,"moreover, . . .",会L12
,そろえる,to make hair even; to trim ,会L17(e)
,そろそろ,it is about time to . . .,会L23
,そんな～,such . . . ; that kind of . . .,"読L16-II, 会L23"
,そんなこと（は）ない,I don’t think so.,会L22
～代,～だい,charge; fee,会L12
～台,～だい,[counter for equipment],"会L14, 会L14(e)"
,ダイエットする,to go on a diet ,会L11
体温計,たいおんけい,thermometer,会L12(e)
大学,だいがく,college; university,会L1
大学院,だいがくいん,graduate school,会L16
大学院生,だいがくいんせい,graduate student,会L1
大学生,だいがくせい,college student,会L1
大嫌い,だいきらい（な）,to hate,会L5
大丈夫,だいじょうぶ,It’s okay.; Not to worry.; Everything is under control.,会L5
大好き,だいすき（な）,very fond of; to love,会L5
大切,たいせつ（な）,precious; important,会L18
大切にする,たいせつにする,to take good care of ,読L19-II
,たいてい,usually,会L3
大統領,だいとうりょう,president of a country,会L11
大ヒット,だいヒット,big hit,読L17-II
,タイプ,type,読L22-II
台風,たいふう,typhoon,会L16
,たいへん,greatly,読L19-II
大変,たいへん（な）,tough (situation),"読L5-II, 会L6"
大浴場,だいよくじょう,large spa,会L15(e)
,タオル,towel,会L18
高い,たかい,expensive; high,会L2
,だから,so; therefore,会L4
宝くじ,たからくじ,lottery,会L17
宝くじに当たる,たからくじにあたる,to win a lottery,会L17
抱く,だく,to hold something in one’s arm,読L20-II
,たくさん,many; a lot,会L4
,タクシー,taxi,読L13-III
竹,たけ,bamboo,読L15-II
,～だけ,just . . . ; only . . .,会L11
出す,だす,to take (something) out; to hand in (something),会L16
助かる,たすかる,to be saved; to be helped,会L18
助ける,たすける,to help; to rescue ,"読L16-II, 会L22"
,ただ,free of charge,会L23
,ただいま,I’m home.,会G
,ただの～,nothing more than . . .,読L21-II
,～たち,[makes a noun plural],会L14
,たつ,(time) pass,読L19-II
立つ,たつ,to stand up,会L6
縦,たて,vertical,読L23-II
建物,たてもの,building,会L15
例えば,たとえば,for example,"会L11(e), 読L16-II, 会L17"
楽しい,たのしい,fun,会L5
楽しそうに,たのしそうに,joyfully,読L22-II
楽しみ,たのしみ,pleasure,読L21-II
楽しみです,たのしみです,cannot wait; to look forward to it,会L15
楽しみにする,たのしみにする（〜を）,to look forward (to) ,読L7-II
楽しむ,たのしむ,to enjoy,読L15-II
頼む,たのむ,to ask (a favor),会L18
たばこを吸う,たばこをすう,to smoke,会L6
,ダブル,double room,会L15(e)
多分,たぶん,probably; maybe,会L12
食べ物,たべもの,food,会L5
食べる,たべる,to eat ,会L3
卵,たまご,egg,会L12
,だます,to deceive,読L20-II
,たまねぎ,onion,会L8(e)
,だめ（な）,no good,会L13
,～ために,for . . . ; for the sake of . . .,会L23
,ためる,to save money ,会L21
足りる,たりる,to be sufficient; to be enough ,会L17
,だれ,who,会L2
,～（ん）だろう,short form of ～（ん）でしょう,会L18
単語,たんご,word; vocabulary,会L9
,たんざく,strip of fancy paper,読L12-II
男子学生,だんしがくせい,male student,読L18-II
誕生日,たんじょうび,birthday,会L5
小さい,ちいさい,small,会L5
,チェックアウト（する）,checking out,会L15(e)
,チェックイン（する）,checking in,会L15(e)
,チェックする,to check ,会L23
地下,ちか,underground,読L15-II
近い,ちかい,close; near,会L13
違い,ちがい,difference,会L17
違う,ちがう,to be different; to be wrong,"読L16-II, 会L23"
近く,ちかく,near; nearby,会L4
地下鉄,ちかてつ,subway,会L10
力仕事,ちからしごと,physical labor (such as construction),読L18-III
,ちかん,groper; pervert,会L21
,チケット,ticket,会L9
遅刻する,ちこくする,to be late (for an appointment) ,会L11
地図,ちず,map,会L15
父,ちち,(my) father,会L7
父親,ちちおや,father,読L14-II
,チップ,tip,読L13-III
茶,ちゃ,green tea,会L3
茶色い,ちゃいろい,brown,会L9(e)
茶店,ちゃみせ,teahouse,読L20-II
,～ちゃん,suffix for names of children,会L22
～中,～ちゅう,while . . .,読L19-II
注意する,ちゅういする,to give warning; to watch out ,会L14
中学生,ちゅうがくせい,junior high school student,会L19
中国,ちゅうごく,China,"会L1, 会L2"
注射,ちゅうしゃ,injection,会L12(e)
注文する,ちゅうもんする,to place an order ,会L18
調査,ちょうさ,survey,会L23
朝食付き,ちょうしょくつき,with breakfast,会L15(e)
,ちょうど,exactly,会L14
貯金する,ちょきんする,to deposit money (in a bank) ,読L18-II
,チョコレート,chocolate,会L14
,ちょっと,a little,会L3
,ツアー,tour,会L10
一日,ついたち,the first day of a month,会L4(e)
,ツイン,twin room,会L15(e)
通帳,つうちょう,passbook,会L13(e)
通帳記入,つうちょうきにゅう,passbook update,会L13(e)
使う,つかう,to use,会L6
捕まる,つかまる,to be arrested; to be caught,会L21
疲れている,つかれている,to be tired,読L8-II
疲れる,つかれる,to get tired ,会L11
月,つき,moon,会L20
次,つぎ,next,会L6
付き合う,つきあう,to date (someone); to keep company,"読L14-II, 会L15"
次に,つぎに,secondly,読L8-II
次は～,つぎは～,"next (stop), . . .",会L10(e)
着く,つく,to arrive,"読L13-III, 会L15"
,つく,(something) turns on,会L18
机,つくえ,desk,"会L2(e), 会L4"
作る,つくる,to make,会L8
,つける,to turn on ,会L6
都合が悪い,つごうがわるい,inconvenient; to have a scheduling conflict,会L17
伝える,つたえる,to convey message ,会L20
続く,つづく,to continue,読L16-II
続ける,つづける,to continue ,会L20
包む,つつむ,to wrap; to cover,会L21
,つまらない,boring,会L5
冷たい,つめたい,cold (things/people),会L10
強い,つよい,strong,会L17
,つり,fishing,会L11
連れていく,つれていく,to take (someone) to (a place),会L16
連れて帰る,つれてかえる,to bring (a person) back,読L12-II
連れてくる,つれてくる,to bring (a person) ,会L6
手,て,hand; arm,会L7(e)
,～で,by (means of transportation); with (a tool),会L10
Ｔシャツ,ティーシャツ,T-shirt,会L2
定期券,ていきけん,commuter’s pass,会L10(e)
ていねいな言い方,ていねいないいかた,polite expression,会L11(e)
,～ていらっしゃる,honorific expression for ～ている,会L19
,デート,"date (romantic, not calendar)",会L3
,～ておる,extra-modest expression for ～ている,会L20
出かける,でかける,to go out ,会L5
手紙,てがみ,letter,会L9
,できる,to come into existence; to be made ,会L14
,できるだけ,as much as possible,会L12
,できれば,if possible,会L20
出口,でぐち,exit,会L10(e)
,～でござる,extra-modest expression for です,会L20
,デザート,desert,読L13-III
,～です,I am . . . .,会G
手数料,てすうりょう,commission,会L13(e)
,テスト,test,会L5
手伝う,てつだう,to help,会L6
徹夜する,てつやする,to stay up all night ,会L22
,テニス,tennis,会L3
,では,well then (polite),会L20
では、お元気で,では、おげんきで,Take care.,読L5-II
,デパート,department store,会L7
手袋,てぶくろ,gloves,会L10
,でも,but,会L3
寺,てら,temple,会L4
出る,でる,to appear; to attend; to exit ,"読L6-I, 会L9"
,テレビ,TV,会L3
天,てん,the heavens; the sky,読L12-II
～点,～てん,. . . points,会L11
天気,てんき,weather,会L5
電気,でんき,electricity; light,"会L2(e), 会L6"
電気工学,でんきこうがく,electrical engineering,読L19-III
天気予報,てんきよほう,weather forecast,会L8
電車,でんしゃ,train,会L6
天井,てんじょう,ceiling,読L17-II
電子レンジ,でんしレンジ,microwave oven,会L17
電池,でんち,battery,会L15
点滴,てんてき,intravenous feeding,会L12(e)
天ぷら,てんぷら,tempura,会L10
展覧会,てんらんかい,art exhibition,読L17-II
電話,でんわ,telephone,会L1
電話する,でんわする,to call ,会L6
戸,と,door,読L10-II
,～と,together with (a person); and,会L4
～度,～ど,. . . degrees (temperature),会L8
,ドア,door,"会L2(e), 読L13-III"
（～は）…という意味だ,（～は）…といういみだ,～ means that . . .,読L23-II
,ドイツ,Germany,会L20
,トイレ,toilet; restroom,会L2
,どう,how,会L8
道具,どうぐ,tool,読L16-II
,どうしたらいい,what should one do,会L14
,どうして,why,会L4
,どうしよう,What should I/we do?,会L18
同情する,どうじょうする,to sympathize ,会L23
,どうぞ,Please.; Here it is.,会L2
どうぞよろしくお願いします,どうぞよろしくおねがいします,Thank you in advance.,読L19-III
,どうですか,How about . . . ?; How is . . . ?,会L3
動物,どうぶつ,animal,会L20
動物園,どうぶつえん,zoo,会L10
,どうも,Thank you.,会L2
,どうやって,how; by what means,会L10
同僚,どうりょう,colleague,会L21
十,とお,ten,会L9
遠い,とおい,far (away),会L21
十日,とおか,ten days,会L13
十日,とおか,the tenth day of a month,会L4(e)
通る,とおる,to go through; to pass,読L15-II
,～とか,. . . for example,会L22
時,とき,when . . . ; at the time of . . .,会L4
時々,ときどき,sometimes,会L3
特に,とくに,especially,会L13
時計,とけい,watch; clock,会L2
,どこ,where,会L2
,どこでも,anywhere,読L16-II
所,ところ,place,会L8
,ところが,however; on the contrary,読L21-II
,ところで,by the way,会L9
年,とし,year,読L10-II
年上,としうえ,someone older,会L10
図書館,としょかん,library,会L2
,どちら,where (polite),会L19
,どちら,which,会L10
特急,とっきゅう,super express,会L10(e)
突然,とつぜん,suddenly,読L19-III
,どっち,which,会L10
,とても,very,会L5
隣,となり,next,会L4
,とにかく,anyhow; anyway,会L21
,どの,which . . .,会L2
,どのぐらい,how much; how long,会L10
飛ぶ,とぶ,to fly,読L16-II
,トマト,tomato,会L8
泊まる,とまる,"to stay (at a hotel, etc.)",会L10
止まる,とまる,to stop,読L20-II
～と申します,～ともうします,my name is . . .,会L13
友だち,ともだち,friend,会L1
土曜日,どようび,Saturday,"会L3, 会L4(e)"
,ドライブ,drive,会L11
鳥,とり,bird; poultry,読L13-II
鶏肉,とりにく,chicken,会L8(e)
取る,とる,to take (a class); to get (a grade),"読L7-II, 会L11"
撮る,とる,to take (a picture),会L4
,とる,to take off,読L10-II
,どれ,which one,会L2
,トレーナー,sweatshirt,会L14
トロッコ列車,トロッコれっしゃ,small train usually for tourists,読L15-II
泥棒,どろぼう,thief; burglar,会L21
,とんかつ,pork cutlet,会L2
,どんな,what kind of . . .,会L5
内科,ないか,physician,会L12(e)
直す,なおす,to correct; to fix,会L16
中,なか,inside,会L4
長い,ながい,long,会L7
長い間,ながいあいだ,long time,読L21-II
仲がいい,なかがいい,be on good/close terms; to get along well,会L19
泣く,なく,to cry,"読L12-II, 会L13"
,なくす,to lose,会L12
,なくなる,to be lost; to disappear,会L23
殴る,なぐる,to strike; to hit; to punch,会L21
,なさる,honorific expression for する,会L19
,なす,eggplant,会L8(e)
,なぜ,why,会L19
夏,なつ,summer,会L8
,なつかしい,to miss; to long for,読L19-II
,〜など,and so forth,読L12-II
七つ,ななつ,seven,会L9
七分,ななふん,seven minutes,会L1(e)
何,なに/なん,what,会L1
何か,なにか,something,会L8
何も,なにも ＋ negative,not . . . anything,会L7
七日,なのか,seven days,会L13
七日,なのか,the seventh day of a month,会L4(e)
,なべ,pot,読L13-II
名前,なまえ,name,会L1
名前をつける,なまえをつける,to name ,読L17-II
怠け者,なまけもの,lazy person,会L19
悩み,なやみ,worry,"読L14-II, 会L19"
習う,ならう,to learn,会L11
,なる,to become,会L10
慣れる,なれる,to get used to . . . ,会L17
何,なん/なに,what,会L1
,なんだか,somehow,読L22-II
,なんでも,anything; everything,読L13-II
何度も,なんども,many times,"読L17-II, 会L22"
似合う,にあう,to look good (on somebody),会L14
二か月前,にかげつまえ,two months ago,会L4(e)
二月,にがつ,February,会L4(e)
,にぎやか（な）,lively,会L5
肉,にく,meat,会L2
～に比べて,～にくらべて,compared with . . .,会L17
逃げる,にげる,to run away; to escape ,読L22-II
,にこにこする,to smile ,読L20-II
二三日,にさんにち,for two to three days,会L12
西,にし,west,会L6(e)
二時,にじ,two o’clock,会L1(e)
二十分,にじっぷん,twenty minutes,会L1(e)
二時半,にじはん,half past two,会L1
二週間前,にしゅうかんまえ,two weeks ago,会L4(e)
二十四日,にじゅうよっか,the twenty-fourth day of a month,会L4(e)
二十分,にじゅっぷん,twenty minutes,会L1(e)
日曜日,にちようび,Sunday,"会L3, 会L4(e)"
,～について,about . . . ; concerning . . .,会L8
日記,にっき,diary,"読L9-II, 会L18"
二分,にふん,two minutes,会L1(e)
日本,にほん,Japan,会L1
日本語,にほんご,Japanese language,会L1
日本人,にほんじん,Japanese people,会L1
荷物,にもつ,baggage,会L6
,ニヤニヤする,to grin ,読L13-II
入院する,にゅういんする,to be hospitalized ,読L21-II
,ニュース,news,会L17
,～によると,according to . . .,会L17
庭,にわ,garden,会L15
～人,～にん,[counter for people],会L7
人気がある,にんきがある,to be popular,会L9
,にんじん,carrot,会L8(e)
,ぬいぐるみ,"stuffed animal (e.g., teddy bear)",会L14
脱ぐ,ぬぐ,to take off (clothes),会L17
盗む,ぬすむ,to steal; to rob,会L21
願い,ねがい,wish,読L12-II
,ネクタイ,necktie,会L14
猫,ねこ,cat,会L4
値段,ねだん,price,読L20-II
熱がある,ねつがある,to have a fever,会L12
眠い,ねむい,sleepy,会L10
寝る,ねる,to sleep; to go to sleep ,会L3
～年,～ねん,. . . years,会L10
～年間,～ねんかん,for . . . years,読L14-II
～年生,～ねんせい,. . . year student,会L1
,ノート,notebook,会L2
残す,のこす,to leave; to preserve,読L15-II
～の紹介で,～のしょうかいで,through the introduction of,読L19-III
,～のために,for . . .,読L19-III
,～のための,for the sake of . . .,読L17-II
喉,のど,throat,会L12
喉が渇く,のどがかわく,to become thirsty,会L12
登る,のぼる,to climb,会L11
飲み物,のみもの,drink,会L5
飲む,のむ,to drink,会L3
,～のようなもの,something like . . .,読L16-II
乗り遅れる,のりおくれる,"to miss (a train, bus, etc.) ",会L16
乗り換え,のりかえ,transfer,会L10(e)
乗る,のる,to ride; to board,会L5
歯,は,tooth,"会L7(e), 会L12"
～は…という意味だ,～は…といういみだ,～ means that . . .,読L23-II
場合,ばあい,case,読L14-II
,パーティー,party,会L8
,パートナー,partner,会L14
,バーベキュー,barbecue,会L8
,パーマ,perm,会L17(e)
,パーマをかける,to have one’s hair permed ,会L17(e)
,はい,yes,会L1
灰色,はいいろ,gray,会L9(e)
俳句,はいく,haiku,読L17-II
,バイク,motorcycle,会L13
売店,ばいてん,shop; stand,会L10(e)
俳優,はいゆう,actor; actress,会L11
入る,はいる,to enter,会L6
,ばかにする,to insult; to make a fool of . . . ,会L21
,はく,to put on (items below your waist),会L7
吐く,はく,to throw up,会L12(e)
～泊,～はく,. . . nights,会L15(e)
運ぶ,はこぶ,to carry,会L22
,はし,chopsticks,会L8
,はしご,ladders,読L17-II
始まる,はじまる,(something) begins,会L9
初めて,はじめて,for the first time,会L12
初めは,はじめは,at first,読L18-III
,はじめまして,How do you do ?,会G
始める,はじめる,to begin ,会L8
場所,ばしょ,place,"読L15-II, 会L23"
走る,はしる,to run,会L11
,バス,bus,会L5
恥ずかしい,はずかしい,embarrassing; to feel embarrassed,会L18
恥ずかしがり屋,はずかしがりや,shy person,会L19
バス停,バスてい,bus stop,会L4
,パソコン,personal computer,会L6
畑,はたけ,farm,読L12-II
働く,はたらく,to work,会L7
はたを織る,はたをおる,to weave,読L12-II
八月,はちがつ,August,会L4(e)
八時,はちじ,eight o’clock,会L1(e)
八分,はちふん,eight minutes,会L1(e)
,ばつ,× (wrong),会L11(e)
発音,はつおん,pronunciation,会L11(e)
二十日,はつか,the twentieth day of a month,会L4(e)
発疹,はっしん,rash,会L12(e)
発表する,はっぴょうする,to make a presentation; to make public ,会L15
八分,はっぷん,eight minutes,会L1(e)
花,はな,flower,会L4
鼻,はな,nose,会L7(e)
話,はなし,story; talk,"読L8-II, 会L19"
話をする,はなしをする,to have a talk ,"読L9-II, 会L19"
話す,はなす,to speak; to talk,会L3
,バナナ,banana,会L18
鼻水,はなみず,runny nose,会L12(e)
離れる,はなれる,(something/someone) separates; parts from ,会L23
母,はは,(my) mother,会L7
早い,はやい,early,会L3
速い,はやい,fast,会L7
早く/速く,はやく,(do something) early; fast,会L10
払う,はらう,to pay,会L12
,ハラルフード,halal,会L8(e)
春,はる,spring,会L10
貼る,はる,to post; to stick,会L21
晴れ,はれ,sunny weather,会L8
晴れる,はれる,to become sunny ,会L19
,バレンタインデー,Valentine’s Day,会L14
半,はん,half,会L1
,パン,bread,会L4
～番,～ばん,number . . .,"会L1, 会L11(e)"
番組,ばんぐみ,broadcast program,読L16-II
番号,ばんごう,number,会L1
晩ご飯,ばんごはん,dinner,会L3
～番線,～ばんせん,track number . . .,会L10(e)
,パンダ,panda,会L17
反対する,はんたいする,to oppose; to object to ,会L22
,バンド,band,読L11-II
犯人,はんにん,criminal,会L21
,ハンバーガー,hamburger,会L3
日,ひ,day,"読L15-II, 会L16"
,ピアノ,piano,会L9
,ヒーター,heater,会L17
,ピーナッツ,peanut,会L8(e)
,ビール,beer,会L11
東,ひがし,east,会L6(e)
～匹,～ひき,[counter for smaller animals],"会L14, 会L14(e)"
引き出し,ひきだし,withdrawal,会L13(e)
弾く,ひく,to play (a string instrument or piano),会L9
,ひげ,beard,会L17
,ひげをそる,to shave one’s beard,会L17
飛行機,ひこうき,airplane,会L10
,ピザ,pizza,"読L6-III, 会L9"
久しぶり,ひさしぶり,it has been a long time,会L11
,ビジネス,business,"会L1, 会L2"
美術館,びじゅつかん,art museum,会L11
左,ひだり,left,会L4
左側,ひだりがわ,left side,会L6(e)
,ひっかく,to scratch,読L20-II
,びっくりする,to be surprised ,"読L10-II, 会L21"
引っ越し,ひっこし,moving,読L18-III
引っ越す,ひっこす,to move (to another place to live),会L19
人,ひと,person,会L4
,ひどい,awful,会L21
一つ,ひとつ,one,会L9
一つ目,ひとつめ,first,会L6(e)
人々,ひとびと,people,読L12-II
一人,ひとり,one person,会L7
一人暮らし,ひとりぐらし,living alone,会L22
一人で,ひとりで,alone,会L4
皮膚科,ひふか,dermatologist,会L12(e)
暇,ひま（な）,not busy; free (time),会L5
秘密,ひみつ,secret,"読L16-II, 会L17"
美容院,びよういん,beauty parlor,会L10
病院,びょういん,hospital,会L4
病気,びょうき,illness; sickness,"会L9, 会L12(e)"
表情,ひょうじょう,expression,読L23-II
昼,ひる,noon,読L9-II
昼ご飯,ひるごはん,lunch,会L3
昼寝をする,ひるねをする,to take a nap ,会L21
広い,ひろい,wide; spacious,会L12
拾う,ひろう,to pick up (something),会L22
,ピンク,pink,会L9(e)
貧乏,びんぼう（な）,poor,会L22
,ファイル,(file) folder; portfolio; file,会L16
,ファッション,fashion,読L15-II
不安,ふあん（な）,anxious; worried,"読L13-II, 会L18"
,フィリピン,Philippines,会L1
,ブーツ,boots,会L17
,プール,swimming pool,会L15
部下,ぶか,subordinate,会L22
服,ふく,clothes,会L12
復習,ふくしゅう,review of a lesson,会L22
袋,ふくろ,bag; sack; plastic/paper bag,"会L8(e), 会L23"
不思議,ふしぎ（な）,mysterious,会L20
二つ,ふたつ,two,会L9
二つ目,ふたつめ,second,会L6(e)
豚肉,ぶたにく,pork,会L8(e)
二人,ふたり,two people,会L7
二人ずつ,ふたりずつ,two people each,会L11(e)
部長,ぶちょう,department manager,会L19
普通,ふつう,local (train),会L10(e)
二日,ふつか,the second day of a month,会L4(e)
二日,ふつか,two days,会L13
物価,ぶっか,consumer prices,会L13
二日間,ふつかかん,for two days,読L22-II
二日酔い,ふつかよい,hangover,会L12
,ぶどう,grape,会L8(e)
太っています,ふとっています,to be on the heavy side,会L7
太る,ふとる,to gain weight; overweight,会L7
船,ふね,ship; boat,会L10
不便,ふべん（な）,inconvenient,読L21-II
踏む,ふむ,to step on,会L21
冬,ふゆ,winter,会L8
振込,ふりこみ,bank transfer,会L13(e)
,プリン,pudding,読L13-III
,ふる,to turn down (somebody); to reject; to jilt,会L21
降る（雨/雪が）,ふる（あめ/ゆきが）,(rain/snow) falls,会L8
古い,ふるい,old (thing),会L5
,プレゼント,present,会L12
風呂,ふろ,bath,会L8
,ブロー,blow-dry,会L17(e)
,プロジェクト,project,会L22
風呂に入る,ふろにはいる,to take a bath,会L8
,プロポーズする,to propose marriage ,会L14
,フロント,receptionist; front desk,会L15(e)
文化,ぶんか,culture,"読L11-II, 会L16"
文学,ぶんがく,literature,"会L1, 読L7-II"
文法,ぶんぽう,grammar,"会L11(e), 会L13"
分野,ぶんや,field; realm,読L17-II
平日,へいじつ,weekday,読L11-II
平和,へいわ,peace,読L15-II
平和記念資料館,へいわきねんしりょうかん,Peace Memorial Museum,読L15-II
,ページ,page,会L6
,ベージュ,beige,会L9(e)
下手,へた（な）,clumsy; poor at . . .,会L8
,ペット,pet,会L15
,ヘッドホン,headphones,会L20
別に,べつに ＋ negative,nothing in particular,会L7
部屋,へや,room,会L5
,ぺらぺら（な）,fluent,会L22
,ペン,pen,会L2
変,へん（な）,strange; unusual,会L21
勉強する,べんきょうする,to study ,会L3
弁護士,べんごし,lawyer,"会L1, 会L13"
返事,へんじ,reply,"読L11-II, 会L16"
弁当,べんとう,boxed lunch,会L9
便秘,べんぴ,constipation,会L12(e)
返品する,へんぴんする,to return (merchandise) ,会L20
便利,べんり（な）,convenient,会L7
方言,ほうげん,dialect,会L11(e)
帽子,ぼうし,hat; cap,会L2
放っておく,ほ（う）っておく,to leave (someone/something) alone; to neglect,会L22
～方面,～ほうめん,serving . . . areas,会L10(e)
,ホーム,platform,"会L10(e), 読L22-II"
,ホームシック,homesickness,会L12
,ホームステイ,homestay; living with a local family,会L8
,ボール,ball,会L22
,ほかに,anything else,会L11(e)
他の,ほかの,other,会L16
僕,ぼく,I (used by men),会L5
,ポケット,pocket,読L16-II
保険,ほけん,insurance,会L15
保険証,ほけんしょう,health insurance certificate,会L12(e)
保険に入る,ほけんにはいる,to buy insurance,会L15
欲しい,ほしい,to want,会L14
募集,ぼしゅう,recruitment,会L13
～募集,～ぼしゅう,looking for . . .,読L11-II
,ポスター,poster,会L21
,ホストファミリー,host family,"読L9-II, 会L11"
,ポップコーン,popcorn,会L18
,ホテル,hotel,会L4
,ほめる,to praise; to say nice things ,会L21
,ホラー,horror,読L11-II
,ボランティア,volunteer,"読L11-II, 会L15"
,ホワイトデー,“White Day” (yet another gift-giving day),会L14
本,ほん,book,"会L2, 会L2(e)"
～本,～ほん,[counter for long objects],"会L14, 会L14(e)"
盆踊り,ぼんおどり,Bon dance (Japanese traditional dance),会L23
本当ですか,ほんとうですか,Really?,会L6
本当に,ほんとうに,really,"読L14-II, 会L18"
本当は,ほんとうは,in fact; originally,会L19
本屋,ほんや,bookstore,会L4
翻訳する,ほんやくする,to translate ,会L22
,まあまあ,okay; so-so,会L11
～枚,～まい,[counter for flat objects],"会L5, 会L14(e)"
毎朝,まいあさ,every morning,会L19
毎週,まいしゅう,every week,会L8
毎月,まいつき,every month,読L18-III
毎日,まいにち,every day,会L3
毎晩,まいばん,every night,会L3
参る,まいる,extra-modest expression for いく and くる,会L20
前,まえ,before . . .,会L17
前,まえ,front,会L4
曲がる,まがる,to turn (right/left),"会L6(e), 会L20"
負ける,まける,to lose (a match) ,会L22
誠に,まことに,really (very polite),会L20
,まじめ（な）,serious; sober; diligent,"読L12-II, 会L19"
,まず,first of all,"読L8-II, 会L18"
,まずい,(food is) terrible,会L23
,また,again,会L20
,また,in addition,読L16-II
,まだ,still,会L19
,まだ ＋ negative,not . . . yet,会L8
待たせる,またせる,to keep (someone) waiting ,会L20
町,まち,town; city,会L4
待ち合わせをする,まちあわせをする,to meet up ,読L15-II
間違い,まちがい,mistake,会L19
間違える,まちがえる,to make a mistake ,会L21
待ち遠しい,まちどおしい,to wait eagerly for . . .,読L22-II
待つ,まつ,to wait,会L4
,まっすぐ,straight,"会L6(e), 読L6-I"
祭り,まつり,festival,会L11
,～まで,to (a place/a time),会L9
,～までに,by (time/date),"読L12-II, 会L18"
窓,まど,window,"会L2(e), 会L6"
間に合う,まにあう,to be in time,会L22
,マフラー,winter scarf,会L14
眉毛,まゆげ,eyebrow,会L7(e)
,まる,○ (correct),会L11(e)
漫画,まんが,comic book,会L14
漫画家,まんがか,cartoonist,会L11
,まんじゅう,sweet bun,読L4-III
,マンション,larger apartment building; condominium,会L13
見える,みえる,to be visible ,会L15
磨く,みがく,to brush (teeth); to polish,会L13
味方,みかた,person on one’s side,読L16-II
,みかん,mandarin orange,"会L8(e), 会L14"
右,みぎ,right,会L4
右側,みぎがわ,right side,会L6(e)
短い,みじかい,short (length),会L7
水,みず,water,会L3
水色,みずいろ,light blue,会L9(e)
湖,みずうみ,lake,会L11
水着,みずぎ,swimwear,読L13-III
店,みせ,shop; store,"読L4-III, 会L13"
見せる,みせる,to show ,会L16
,～みたいなX,X like . . . ,会L20
道,みち,way; road; directions,会L16
道に迷う,みちにまよう,to become lost; to lose one’s way,会L16
三日,みっか,the third day of a month,会L4(e)
三日,みっか,three days,会L13
見つかる,みつかる,to be found,会L16
見つける,みつける,to find ,会L21
三つ,みっつ,three,会L9
三つ目,みっつめ,third,会L6(e)
緑,みどり,green,"会L9(e), 読L15-II"
みな様,みなさま,everyone (polite expression of みなさん),読L19-II
皆さん,みなさん,everyone; all of you,"読L6-III, 会L14"
南,みなみ,south,"会L6(e), 読L15-II"
身ぶり,みぶり,gesture,読L20-II
～未満,～みまん,less than . . .,読L18-II
耳,みみ,ear,会L7(e)
土産,みやげ,souvenir,会L5
未来,みらい,future,読L16-II
見る,みる,to see; to look at; to watch ,会L3
,みんな,all,"読L7-II, 会L9"
,みんなで,all (of the people) together,会L8
六日,むいか,six days,会L13
六日,むいか,the sixth day of a month,会L4(e)
迎えに行く,むかえにいく,to go to pick up,会L16
迎えに来る,むかえにくる,to come to pick up ,会L16
昔,むかし,old days; past,会L21
昔々,むかしむかし,once upon a time,読L10-II
向こう,むこう,the other side; over there,読L12-II
虫,むし,insect,会L18
虫歯,むしば,bad tooth,会L12(e)
虫めがね,むしめがね,magnifying glass,読L17-II
難しい,むずかしい,difficult,会L5
娘,むすめ,daughter,読L12-II
無駄遣い,むだづかい,waste (money),会L22
六つ,むっつ,six,会L9
胸,むね,breast,会L7(e)
紫,むらさき,purple,会L9(e)
無理,むり（な）,impossible,会L18
目,め,eye,"会L7, 会L7(e)"
～目,～め,=-th,会L15
～名,～めい,. . . person(s),会L15(e)
～名様,～めいさま,party of . . . people,会L19
迷信,めいしん,superstition,読L21-II
,メール,e-mail,会L9
眼鏡,めがね,glasses,会L7
,メキシコ,Mexico,読L5-II
召し上がる,めしあがる,honorific expression for たべる and のむ,会L19
,めずらしい,rare,読L13-II
,めちゃくちゃ（な）,messy; disorganized,会L21
,メッセージ,message; text,"読L22-II, 会L23"
,めったに～ない,seldom,読L21-II
,メニュー,menu,会L2
,めまいがする,to feel dizzy,会L12(e)
免許,めんきょ,license,会L22
面接,めんせつ,interview,会L23
,もう,already,会L9
もう一度,もういちど,one more time,会L15
申し込み,もうしこみ,application,読L19-III
申し訳ありません,もうしわけありません,You have my apologies.,"読L19-III, 会L20"
申す,もうす,extra-modest expression for いう,会L20
,もうすぐ,very soon; in a few moments/days,会L12
もう少し,もうすこし,a little more,会L22
,もう～ない,not any longer,読L13-II
目的,もくてき,object; purpose,読L18-II
木曜日,もくようび,Thursday,"会L4, 会L4(e)"
文字,もじ,letter; character,読L17-II
,もし～たら,if . . .,読L19-III
,もしもし,Hello? (used on the phone),会L4
,もち,rice cake,読L10-II
,もちろん,of course,会L7
持つ,もつ,to carry; to hold,会L6
持っていく,もっていく,to take (a thing),会L8
持ってくる,もってくる,to bring (a thing) ,会L6
,もっと,more,会L11
,もてる,to be popular (in terms of romantic interest) ,会L19
戻ってくる,もどってくる,(something/someone) comes back ,会L23
戻る,もどる,to return; to come/go back,"読L16-II, 会L20"
物,もの,thing (concrete object),会L12
,ものすごく,extremely,会L23
,もも,peach,会L8(e)
,もらう,to get (from somebody),会L9
文句,もんく,complaint,会L21
文句を言う,もんくをいう,to complain,会L21
～屋,～や,. . . shop,会L20
野球,やきゅう,baseball,会L10
焼く,やく,to bake; to burn; to grill,会L21
訳す,やくす,to translate,会L16
約束,やくそく,promise; appointment,会L13
約束を守る,やくそくをまもる,to keep a promise,会L13
,やけどをする,to burn oneself,会L12(e)
野菜,やさい,vegetable,会L2
,やさしい,easy (problem); kind (person),会L5
安い,やすい,inexpensive; cheap (thing),会L5
休み,やすみ,holiday; day off; absence,会L5
休む,やすむ,to be absent (from); to rest,会L6
,やせています,to be thin,会L7
,やせる,to lose weight ,会L7
家賃,やちん,rent,会L18
,やった！,I did it!,読L20-II
八つ,やっつ,eight,会L9
,やっぱり,after all,"読L13-II, 会L17"
山,やま,mountain,"読L5-II, 会L11"
山道,やまみち,mountain road,読L10-II
,やめる,to quit ,会L11
,やる,to do; to perform,会L5
,やる,"to give (to pets, plants, younger siblings, etc.)",会L21
湯,ゆ,hot water,会L17
夕方,ゆうがた,evening,会L18
勇気,ゆうき,courage,読L22-II
優勝する,ゆうしょうする,to win a championship ,会L23
夕食,ゆうしょく,dinner,会L23
友人,ゆうじん,friend,読L19-III
郵便局,ゆうびんきょく,post office,会L2
有名,ゆうめい（な）,famous,会L8
有名人,ゆうめいじん,celebrity,会L10
雪,ゆき,snow,"読L10-II, 会L8"
,ゆっくり,slowly; leisurely; unhurriedly,会L6
指,ゆび,finger,会L7(e)
指輪,ゆびわ,ring,会L14
夢,ゆめ,dream,会L11
八日,ようか,eight days,会L13
八日,ようか,the eighth day of a month,会L4(e)
,ようこそ,Welcome.,会L19
用事,ようじ,business to take care of,会L12
洋服,ようふく,clothes,読L18-II
,ヨーロッパ,Europe,会L22
,よかったら,if you like,会L7
預金,よきん,savings,会L13(e)
,よく,often; much,会L3
,よく,well,会L14
横,よこ,side; horizontal,読L23-II
汚す,よごす,to make dirty,会L18
汚れる,よごれる,to become dirty ,会L18
四時,よじ,four o’clock,会L1(e)
予習,よしゅう,preparation of a lesson,会L22
四日,よっか,four days,会L13
四日,よっか,the fourth day of a month,会L4(e)
四つ,よっつ,four,会L9
予定,よてい,schedule; plan,会L15
呼ぶ,よぶ,to call (one’s name); to invite,会L19
読む,よむ,to read,会L3
予約,よやく,reservation,会L10
予約する,よやくする,to reserve ,会L15
夜,よる,night,"読L5-II, 会L6"
寄る,よる,to stop by,会L19
,よろしかったら,if it is okay (polite),会L20
よろしくお伝えください,よろしくおつたえください,Please give my best regards (to . . . ).,会L19
よろしくお願いします,よろしくおねがいします,Nice to meet you.,会G
弱い,よわい,weak,読L16-II
四分,よんぷん,four minutes,会L1(e)
来学期,らいがっき,next semester,会L11
来月,らいげつ,next month,"会L4(e), 会L8"
来週,らいしゅう,next week,"会L4(e), 会L6"
来年,らいねん,next year,"会L4(e), 会L6"
楽,らく（な）,easy; comfortable,会L22
落語,らくご,comic monologue,読L20-II
落語家,らくごか,comic storyteller,読L20-II
,ラジオ,radio,会L14
離婚する,りこんする,to get a divorce ,会L17
理想,りそう,ideal,会L23
留学する,りゅうがくする,to study abroad ,会L11
留学生,りゅうがくせい,international student,会L1
両,りょう,a unit of currency used in the Edo period,読L20-II
寮,りょう,dormitory,"読L9-II, 会L17"
両替,りょうがえ,money exchange,会L13(e)
両親,りょうしん,parents,会L14
料理,りょうり,cooking; dish,"読L6-III, 会L10"
料理する,りょうりする,to cook ,会L8
旅館,りょかん,Japanese inn,会L15
旅行,りょこう,travel,会L5
旅行会社,りょこうがいしゃ,travel agency,会L17
旅行する,りょこうする,to travel ,会L10
履歴書,りれきしょ,résumé,会L14
,りんご,apple,"会L8(e), 会L10"
,ルームメイト,roommate,会L11
留守,るす,absence; not at home,会L21
留守番,るすばん,looking after a house during someone’s absence,会L23
例,れい,example,会L11(e)
冷蔵庫,れいぞうこ,refrigerator,会L18
歴史,れきし,history,"会L1, 会L2"
,レストラン,restaurant,会L4
,レポート,(term) paper,会L4
練習,れんしゅう,exercise,会L11(e)
練習する,れんしゅうする,to practice ,会L10
,レントゲン,X-ray,会L12(e)
連絡する,れんらくする,to contact ,会L21
,ろうそく,candle,会L18
六月,ろくがつ,June,会L4(e)
六時,ろくじ,six o’clock,会L1(e)
六分,ろっぷん,six minutes,会L1(e)
,ロボット,robot,読L16-II
,ワイン,wine,読L6-III
若い,わかい,young,会L9
若者,わかもの,young people,読L15-II
,わかる,to understand,会L4
別れる,わかれる,to break up; to separate ,会L12
忘れる,わすれる,to forget; to leave behind ,会L6
私,わたくし,I (formal),会L13
私,わたし,I,会L1
私たち,わたしたち,we,"読L12-II, 会L14"
渡す,わたす,to give; to hand,読L20-II
渡る,わたる,to cross,"会L6(e), 読L15-II"
笑う,わらう,to laugh,会L16
割引券,わりびきけん,discount coupon,会L15
悪い,わるい,bad,会L12
悪口を言う,わるぐちをいう,to talk behind someone’s back,会L23
,ワンルームマンション,studio apartment,読L18-III